record_id,description,decision,proposed_label,reason
ex_01,ăn trưa cơm gà,,,
ex_02,Grab đi làm,,,
ex_03,GrabFood cơm tối,,,
ex_04,Grab,,,
ex_05,siêu thị mua rau,,,
ex_06,siêu thị mua nước giặt,,,
ex_07,Shopee,,,
ex_08,kem dưỡng da mua tại nhà thuốc,,,
ex_09,thuốc cảm theo đơn,,,
ex_10,mua laptop,,,
ex_11,mua laptop để học lập trình,,,
ex_12,sách luyện thi,,,
ex_13,truyện đọc cuối tuần,,,
ex_14,cơm trưa và vé phim,,,
ex_15,nhận lương,,,
ex_16,chuyển từ ví sang tài khoản của tôi,,,
ex_17,...,,,
ex_18,phí gửi bưu kiện,,,
ex_19,tiền thuê phòng trọ,,,
ex_20,đặt lịch họp nhóm,,,
